"CHATTOOGA RIVER AT BURRELLS FORD, NR PINE MTN, GA",34.97452778,-83.1161667,54.0
"CHATTOOGA RIVER AT BURRELLS FORD, NR PINE MTN, GA",34.97452778,-83.1161667,0.78
"TALLULAH RIVER NEAR CLAYTON, GA",34.89037075,-83.530441,79.0
"TALLULAH RIVER NEAR CLAYTON, GA",34.89037075,-83.530441,1.95
"TALLULAH R AT TERRORA PWRHSE, NR TALLULAH FALLS,GA",34.75027778,-83.405,2.3
"TALLULAH RIVER AB POWERHOUSE, NR TALLULAH FALLS,GA",34.73203858,-83.3757198,36.0
"TALLULAH RIVER AB POWERHOUSE, NR TALLULAH FALLS,GA",34.73203858,-83.3757198,5.09
"BEAVERDAM CREEK ABOVE ELBERTON, GA",34.16872037,-82.89652898,25.0
"BEAVERDAM CREEK ABOVE ELBERTON, GA",34.16872037,-82.89652898,2.41
"GROVE CREEK AT US 441 AND GA 15 NEAR COMMERCE, GA",34.2695,-83.4676667,6.35
"BROAD RIVER ABOVE CARLTON, GA",34.0733333,-83.0033333,239.0
"BROAD RIVER ABOVE CARLTON, GA",34.0733333,-83.0033333,1.64
"CLOUDS CREEK AT WATSON MILL PARK NR CARLTON, GA",34.02066816,-83.0693128,8.6
"CLOUDS CREEK AT WATSON MILL PARK NR CARLTON, GA",34.02066816,-83.0693128,33.24
"SOUTH FORK BROAD RIVER AT CARLTON, GA",34.03150107,-83.0090326,50.0
"SOUTH FORK BROAD RIVER AT CARLTON, GA",34.03150107,-83.0090326,1.68
"BROAD RIVER NEAR BELL, GA",33.97416667,-82.77,346.0
"BROAD RIVER NEAR BELL, GA",33.97416667,-82.77,3.73
"KETTLE CREEK NEAR WASHINGTON, GA",33.68262815,-82.857923,0.48
"KETTLE CREEK NEAR WASHINGTON, GA",33.68262815,-82.857923,2.99
"LITTLE RIVER NEAR WASHINGTON, GA",33.61277778,-82.7425,4.9
"LITTLE RIVER NEAR WASHINGTON, GA",33.61277778,-82.7425,3.65
"KIOKEE CREEK AT GA 104, NEAR EVANS, GA",33.60096698,-82.23262169,4.0
"KIOKEE CREEK AT GA 104, NEAR EVANS, GA",33.60096698,-82.23262169,0.08
"SAVANNAH RIVER NEAR EVANS, GA",33.5929118,-82.12317459,13.17
"SAVANNAH RIVER ABOVE AUGUSTA CANAL NEAR BONAIR,GA",33.56138889,-82.0511111,5180.0
"SAVANNAH RIVER ABOVE AUGUSTA CANAL NEAR BONAIR,GA",33.56138889,-82.0511111,157.82
"AUGUSTA CANAL NR AUGUSTA, GA (UPPER)",33.54930154,-82.0367836,3020.0
"AUGUSTA CANAL NR AUGUSTA, GA (UPPER)",33.54930154,-82.0367836,7.21
"BUTLER CREEK BELOW 7TH AVENUE, AT FT. GORDON, GA",33.4386111,-82.1161111,1.6
"BUTLER CREEK BELOW 7TH AVENUE, AT FT. GORDON, GA",33.4386111,-82.1161111,1.4
"SAVANNAH RIVER AT AUGUSTA, GA",33.3737518,-81.94289329,4020.0
"SAVANNAH RIVER AT AUGUSTA, GA",33.3737518,-81.94289329,96.86
"SPIRIT CREEK AT US 1, NEAR AUGUSTA, GA",33.37319577,-82.1387309,6.0
"SPIRIT CREEK AT US 1, NEAR AUGUSTA, GA",33.37319577,-82.1387309,2.64
"SAVANNAH RIVER NEAR WAYNESBORO, GA",33.14987256,-81.7548354,4320.0
"SAVANNAH RIVER NEAR WAYNESBORO, GA",33.14987256,-81.7548354,6.23
"SAVANNAH R AT BURTONS FERRY BR NR MILLHAVEN, GA",32.93904727,-81.5026078,5430.0
"SAVANNAH R AT BURTONS FERRY BR NR MILLHAVEN, GA",32.93904727,-81.5026078,4.33
"BRUSHY CREEK AT CAMPGROUND ROAD, NEAR WRENS, GA",33.18070175,-82.334291,4.2
"BRUSHY CREEK AT CAMPGROUND ROAD, NEAR WRENS, GA",33.18070175,-82.334291,1.3
"BRIER CREEK NEAR WAYNESBORO, GA",33.1182057,-81.9637281,81.0
"BRIER CREEK NEAR WAYNESBORO, GA",33.1182057,-81.9637281,4.12
"BRIER CREEK AT MILLHAVEN, GA",32.93349199,-81.6512217,79.0
"BRIER CREEK AT MILLHAVEN, GA",32.93349199,-81.6512217,0.38
"BEAVERDAM CREEK NEAR SARDIS, GA",32.93765809,-81.8153916,3.6
"BEAVERDAM CREEK NEAR SARDIS, GA",32.93765809,-81.8153916,1.24
"SAVANNAH RIVER NEAR ESTILL, SC",32.70333333,-81.4283333,5750.0
"SAVANNAH RIVER NEAR ESTILL, SC",32.70333333,-81.4283333,4.02
"SAVANNAH RIVER NEAR CLYO, GA",32.52823709,-81.26871649,6530.0
"SAVANNAH RIVER NEAR CLYO, GA",32.52823709,-81.26871649,4.17
"EBENEZER CREEK AT SPRINGFIELD, GA",32.36574688,-81.2973323,1.3
"EBENEZER CREEK AT SPRINGFIELD, GA",32.36574688,-81.2973323,3.32
"BEAR CREEK AT HICKORY BEND, NEAR RINCON, GA",32.34543056,-81.1472056,5.34
"ABERCORN CREEK NEAR SAVANNAH,GA",32.2557537,-81.1781687,-853.0
"ABERCORN CREEK NEAR SAVANNAH,GA",32.2557537,-81.1781687,3.34
"ABERCORN CREEK AT MOUTH NEAR SAVANNAH, GA",32.24916667,-81.1536111,3.22
"SAVANNAH RIVER (I-95) NEAR PORT WENTWORTH, GA",32.2357548,-81.1512239,3.25
"SAVANNAH RIVER AT GA 25, AT PORT WENTWORTH, GA",32.1660358,-81.1537237,6880.0
"SAVANNAH RIVER AT GA 25, AT PORT WENTWORTH, GA",32.1660358,-81.1537237,2.62
"MIDDLE RIVER AT GA 25 AT PORT WENTWORTH, GA",32.16555556,-81.1383333,-555.0
"MIDDLE RIVER AT GA 25 AT PORT WENTWORTH, GA",32.16555556,-81.1383333,2.91
"MIDDLE RIVER AT ""FISH HOLE"" AT PORT WENTWORTH, GA",32.14277778,-81.1352778,3.23
"SAVANNAH RIVER AT GARDEN CITY, GA",32.11576075,-81.1292789,3.06
"SAVANNAH RIVER AT USACE DOCK, AT SAVANNAH, GA",32.08104119,-81.081223,29300.0
"SAVANNAH RIVER AT USACE DOCK, AT SAVANNAH, GA",32.08104119,-81.081223,2.56
"LITTLE BACK RIVER AT GA 25 AT PORT WENTWORTH, GA",32.16583333,-81.13,4880.0
"LITTLE BACK RIVER AT GA 25 AT PORT WENTWORTH, GA",32.16583333,-81.13,2.59
"SAVANNAH RIVER AT FORT PULASKI, GA",32.0341019,-80.9031665,82100.0
"SAVANNAH RIVER AT FORT PULASKI, GA",32.0341019,-80.9031665,1.62
"SOUTH CHANNEL (SAVANNAH RIVER) NEAR SAVANNAH, GA",32.08270935,-81.0023338,2.05
"OGEECHEE RIVER AT GA 88, NEAR GRANGE, GA",33.044596,-82.6037424,12.0
"OGEECHEE RIVER AT GA 88, NEAR GRANGE, GA",33.044596,-82.6037424,6.08
"WILLIAMSON SWAMP CREEK AT DAVISBORO, GA",32.97570924,-82.609854,11.0
"WILLIAMSON SWAMP CREEK AT DAVISBORO, GA",32.97570924,-82.609854,1.99
"OGEECHEE RIVER AT MIDVILLE, GA",32.8146012,-82.23512329,74.0
"OGEECHEE RIVER AT MIDVILLE, GA",32.8146012,-82.23512329,-0.91
"OGEECHEE RIVER AT ROCKY FORD RD, NR ROCKY FORD, GA",32.6490563,-81.8406685,152.0
"OGEECHEE RIVER AT ROCKY FORD RD, NR ROCKY FORD, GA",32.6490563,-81.8406685,2.55
"OGEECHEE RIVER AT GA 24, NEAR OLIVER, GA",32.4946232,-81.5556634,171.0
"OGEECHEE RIVER AT GA 24, NEAR OLIVER, GA",32.4946232,-81.5556634,4.98
"OGEECHEE RIVER NEAR EDEN, GA",32.19159045,-81.4159454,156.0
"OGEECHEE RIVER NEAR EDEN, GA",32.19159045,-81.4159454,2.11
"BLACK CREEK NEAR BLITCHTON, GA",32.1679803,-81.48816698,5.0
"BLACK CREEK NEAR BLITCHTON, GA",32.1679803,-81.48816698,2.57
"OGEECHEE RIVER AT GA 204, NEAR ELLABELL, GA",32.0802044,-81.3853901,330.0
"OGEECHEE RIVER AT GA 204, NEAR ELLABELL, GA",32.0802044,-81.3853901,3.25
"CANOOCHEE RIVER NEAR CLAXTON, GA",32.18491397,-81.8887265,8.1
"CANOOCHEE RIVER NEAR CLAXTON, GA",32.18491397,-81.8887265,1.24
"CANOOCHEE RIVER AT BRIDGE 38, AT FORT STEWART, GA",31.96944444,-81.4586111,107.0
"CANOOCHEE RIVER AT BRIDGE 38, AT FORT STEWART, GA",31.96944444,-81.4586111,5.92
"OGEECHEE RIVER AT US 17, NEAR RICHMOND HILL, GA",31.97798585,-81.2895556,-8030.0
"OGEECHEE RIVER AT US 17, NEAR RICHMOND HILL, GA",31.97798585,-81.2895556,2.4
"PEACOCK CREEK AT MCINTOSH, GA",31.8138232,-81.5201107,5.2
"PEACOCK CREEK AT MCINTOSH, GA",31.8138232,-81.5201107,4.19
"HUDSON CREEK AT MERIDIAN LANDING, NEAR MERIDIAN,GA",31.45333333,-81.3627778,1.26
"SOUTH RIVER AT SPRINGDALE ROAD, AT ATLANTA, GA",33.68388889,-84.4152778,2.76
"SOUTH RIVER AT FORREST PARK ROAD, AT ATLANTA, GA",33.67899706,-84.3579807,13.0
"SOUTH RIVER AT FORREST PARK ROAD, AT ATLANTA, GA",33.67899706,-84.3579807,2.89
"INTRENCHMENT CR AT CONSTITUTION RD, NR ATLANTA, GA",33.6889966,-84.3304798,2.9
"INTRENCHMENT CR AT CONSTITUTION RD, NR ATLANTA, GA",33.6889966,-84.3304798,2.17
"DOOLITTLE CREEK AT FLAT SHOALS RD, NR DECATUR, GA",33.70566259,-84.29242299,0.92
"SHOAL CREEK AT COLUMBIA DRIVE NEAR ATLANTA, GA",33.69319444,-84.25388889,3.3
"SHOAL CREEK AT COLUMBIA DRIVE NEAR ATLANTA, GA",33.69319444,-84.25388889,3.42
"COBBS CREEK AT RAINBOW DR, NEAR DECATUR, GA",33.7095512,-84.2393655,1.8
"SOUTH RIVER AT FLAKES MILL ROAD NR ATLANTA, GA",33.66621924,-84.2246426,45.0
"SOUTH RIVER AT FLAKES MILL ROAD NR ATLANTA, GA",33.66621924,-84.2246426,2.3
"SNAPFINGER CREEK NEAR DECATUR, GA",33.7634389,-84.2201982,7.0
"SNAPFINGER CREEK NEAR DECATUR, GA",33.7634389,-84.2201982,2.72
"SNAPFINGER CR AT THOMPSON MILL RD NR LITHONIA, GA",33.69666667,-84.1986111,16.0
"SNAPFINGER CR AT THOMPSON MILL RD NR LITHONIA, GA",33.69666667,-84.1986111,3.26
"POLE BRIDGE CR AT EVANS MILL RD NEAR LITHONIA, GA",33.6684422,-84.1510287,1.21
"SOUTH RIVER AT KLONDIKE ROAD, NEAR LITHONIA, GA",33.62983228,-84.1285277,125.0
"SOUTH RIVER AT KLONDIKE ROAD, NEAR LITHONIA, GA",33.62983228,-84.1285277,5.14
"HONEY CREEK AT GA 212, NEAR CONYERS, GA",33.57983406,-84.0640805,10.0
"HONEY CREEK AT GA 212, NEAR CONYERS, GA",33.57983406,-84.0640805,1.84
"PATES CREEK NEAR FLIPPEN, GA",33.4925,-84.245,22.0
"PATES CREEK NEAR FLIPPEN, GA",33.4925,-84.245,1.15
"SOUTH RIVER AT GA 81, AT SNAPPING SHOALS, GA",33.48455976,-83.9579647,287.0
"SOUTH RIVER AT GA 81, AT SNAPPING SHOALS, GA",33.48455976,-83.9579647,7.09
"SWEETWATER CREEK AT CLUB DRIVE NEAR LILBURN, GA",33.9411111,-84.1077778,5.1
"SWEETWATER CREEK AT CLUB DRIVE NEAR LILBURN, GA",33.9411111,-84.1077778,2.57
"YELLOW RIVER AT GA 124, NEAR LITHONIA, GA",33.7728852,-84.0582475,67.0
"YELLOW RIVER AT GA 124, NEAR LITHONIA, GA",33.7728852,-84.0582475,2.85
"STONE MTN CR AT SILVER HILL RD, NEAR STONE MTN, GA",33.8262159,-84.16519568,2.92
"LITTLE STONE MTN CR NEAR STONE MOUNTAIN, GA",33.83066058,-84.1393612,2.26
"STONE MOUNTAIN CREEK AT GA 124, NEAR LITHONIA, GA",33.7734405,-84.077137,3.54
"NO BUSINESS CREEK AT LEE ROAD, BELOW SNELLVILLE,GA",33.7781631,-84.03796879,4.4
"NO BUSINESS CREEK AT LEE ROAD, BELOW SNELLVILLE,GA",33.7781631,-84.03796879,3.04
"SWIFT CREEK NEAR LITHONIA, GA",33.74816328,-84.0838044,1.59
"YELLOW RIVER AT PLEASANT HILL ROAD, NR LITHONIA,GA",33.73371945,-84.061859,100.0
"YELLOW RIVER AT PLEASANT HILL ROAD, NR LITHONIA,GA",33.73371945,-84.061859,1.47
"YELLOW RIVER AT MILSTEAD, GA",33.6925,-83.9966667,4.76
"YELLOW RIVER AT GEES MILL ROAD, NEAR MILSTEAD, GA",33.66694444,-83.9380556,162.0
"YELLOW RIVER AT GEES MILL ROAD, NEAR MILSTEAD, GA",33.66694444,-83.9380556,2.12
"BIG HAYNES CREEK AT LENORA ROAD, NR SNELLVILLE, GA",33.8151073,-83.99018809,9.5
"BIG HAYNES CREEK AT LENORA ROAD, NR SNELLVILLE, GA",33.8151073,-83.99018809,2.79
"BRUSHY FORK CREEK AT BEAVER ROAD, NR LOGANVILLE,GA",33.82149715,-83.9424076,3.3
"BRUSHY FORK CREEK AT BEAVER ROAD, NR LOGANVILLE,GA",33.82149715,-83.9424076,1.27
"BIG HAYNES CREEK AT JACK TURNER DAM,NR MILSTEAD GA",33.72916667,-83.9372222,29.0
"BIG HAYNES CREEK AT JACK TURNER DAM,NR MILSTEAD GA",33.72916667,-83.9372222,2.22
LITTLE HAYNES CREEK AT DIAL MILL RD NR MILSTEAD GA,33.7111111,-83.9144444,14.0
LITTLE HAYNES CREEK AT DIAL MILL RD NR MILSTEAD GA,33.7111111,-83.9144444,3.55
"BIG HAYNES CREEK AT BALD ROCK ROAD, NR MILSTEAD GA",33.66138889,-83.9277778,16.0
"BIG HAYNES CREEK AT BALD ROCK ROAD, NR MILSTEAD GA",33.66138889,-83.9277778,2.01
"YELLOW RIVER ROCKY PLAINS RD NR ROCKY PLAINS, GA",33.4998611,-83.8841667,186.0
"YELLOW RIVER ROCKY PLAINS RD NR ROCKY PLAINS, GA",33.4998611,-83.8841667,4.19
"ALCOVY RIVER NEAR LAWRENCEVILLE, GA",33.97788234,-83.9396262,1.4
"ALCOVY RIVER NEAR LAWRENCEVILLE, GA",33.97788234,-83.9396262,-0.95
"ALCOVY RIVER AT NEW HOPE ROAD, NEAR GRAYSON, GA",33.9176073,-83.8879582,14.0
"ALCOVY RIVER AT NEW HOPE ROAD, NEAR GRAYSON, GA",33.9176073,-83.8879582,2.51
"ALCOVY RIVER ABOVE COVINGTON, GA",33.64011554,-83.7790674,64.0
"ALCOVY RIVER ABOVE COVINGTON, GA",33.64011554,-83.7790674,2.13
"CORNISH CREEK AT LOWER JERSEY RD, NR COVINGTON, GA",33.7108333,-83.8111111,1.74
"LITTLE CORNISH CR (COUNTY ROAD 95) NR OXFORD, GA",33.67944444,-83.8297222,0.55
"CORNISH CREEK AT HAZELBRAND RD NR COVINGTON, GA",33.6285,-83.7988611,7.9
"CORNISH CREEK AT HAZELBRAND RD NR COVINGTON, GA",33.6285,-83.7988611,6.57
"ALCOVY RIVER BELOW COVINGTON, GA",33.5059506,-83.8249037,93.0
"ALCOVY RIVER BELOW COVINGTON, GA",33.5059506,-83.8249037,1.94
"EAST BEAR CREEK AT POPLAR ROAD, NR MANSFIELD, GA",33.50725,-83.77025,0.76
"EAST BEAR CREEK AT POPLAR ROAD, NR MANSFIELD, GA",33.50725,-83.77025,0.8
"OCMULGEE RIVER NEAR JACKSON, GA",33.30790004,-83.8382362,2750.0
"OCMULGEE RIVER NEAR JACKSON, GA",33.30790004,-83.8382362,5.56
"CABIN CREEK AT NORTH SECOND STREET, NR GRIFFIN, GA",33.27166667,-84.23638889,0.8
"CABIN CREEK AT NORTH SECOND STREET, NR GRIFFIN, GA",33.27166667,-84.23638889,3.49
"TOWALIGA RIVER AT GA 83 NEAR JULIETTE, GA",33.11485079,-83.870461,47.0
"TOWALIGA RIVER AT GA 83 NEAR JULIETTE, GA",33.11485079,-83.870461,1.62
"FALLING CREEK NEAR JULIETTE, GA",33.0998535,-83.7235104,1.2
"FALLING CREEK NEAR JULIETTE, GA",33.0998535,-83.7235104,1.33
"OCMULGEE RIVER AT GA 18, AT DAMES FERRY, GA",33.01680095,-83.72712329,394.0
"OCMULGEE RIVER AT GA 18, AT DAMES FERRY, GA",33.01680095,-83.72712329,3.34
"OCMULGEE RIVER AT MACON, GA",32.8386111,-83.6205556,4350.0
"OCMULGEE RIVER AT MACON, GA",32.8386111,-83.6205556,11.8
"TOBESOFKEE CREEK NEAR MACON, GA",32.80888889,-83.7583333,16.0
"TOBESOFKEE CREEK NEAR MACON, GA",32.80888889,-83.7583333,2.35
"ECHECONNEE CREEK AT HOUSTON RD, NEAR BYRON, GA",32.69187778,-83.7009722,45.0
"ECHECONNEE CREEK AT HOUSTON RD, NEAR BYRON, GA",32.69187778,-83.7009722,6.03
"BIG INDIAN CREEK AT US 341, NEAR CLINCHFIELD, GA",32.4268188,-83.644348,53.0
"BIG INDIAN CREEK AT US 341, NEAR CLINCHFIELD, GA",32.4268188,-83.644348,14.37
"OCMULGEE RIVER AT US 341, AT HAWKINSVILLE, GA",32.28071817,-83.4610055,1150.0
"OCMULGEE RIVER AT US 341, AT HAWKINSVILLE, GA",32.28071817,-83.4610055,1.58
"TUCSAWHATCHEE CREEK NEAR HAWKINSVILLE, GA",32.23944444,-83.5016667,10.0
"TUCSAWHATCHEE CREEK NEAR HAWKINSVILLE, GA",32.23944444,-83.5016667,0.95
"OCMULGEE RIVER AT ABBEVILLE, GA",31.996567,-83.2784899,1490.0
"OCMULGEE RIVER AT ABBEVILLE, GA",31.996567,-83.2784899,1.94
"OCMULGEE RIVER AT LUMBER CITY, GA",31.9201826,-82.6740274,2050.0
"OCMULGEE RIVER AT LUMBER CITY, GA",31.9201826,-82.6740274,1.89
"LITTLE OCMULGEE RIVER AT GA 149, AT SCOTLAND, GA",32.0523988,-82.8156974,2.4
"LITTLE OCMULGEE RIVER AT GA 149, AT SCOTLAND, GA",32.0523988,-82.8156974,0.9
"TURNPIKE CREEK NEAR MCRAE, GA",31.99138889,-82.9219444,2.2
"TURNPIKE CREEK NEAR MCRAE, GA",31.99138889,-82.9219444,3.8
"WHEELER CREEK AT BILL CHEEK ROAD, NEAR AUBURN, GA",34.0823272,-83.8546217,0.64
"WHEELER CREEK AT BILL CHEEK ROAD, NEAR AUBURN, GA",34.0823272,-83.8546217,1.21
"MULBERRY CREEK NEAR WINDER, GA",34.0459422,-83.7115595,26.0
"MULBERRY CREEK NEAR WINDER, GA",34.0459422,-83.7115595,1.19
"MIDDLE OCONEE RIVER NEAR ARCADE, GA",34.03166667,-83.5633333,85.0
"MIDDLE OCONEE RIVER NEAR ARCADE, GA",34.03166667,-83.5633333,1.97
"MIDDLE OCONEE RIVER NEAR ATHENS, GA",33.94666667,-83.4227778,136.0
"MIDDLE OCONEE RIVER NEAR ATHENS, GA",33.94666667,-83.4227778,1.03
"NORTH OCONEE R AT WOODBRIDGE RD, NEAR COMMERCE, GA",34.20027778,-83.5158333,36.0
"NORTH OCONEE R AT WOODBRIDGE RD, NEAR COMMERCE, GA",34.20027778,-83.5158333,1.68
"PARKS CREEK AT LYLE FIELD RD NR JEFFERSON, GA",34.1620583,-83.5250944,1.82
"NORTH OCONEE RIVER AT COLLEGE ST, AT ATHENS, GA",33.96983658,-83.37738,80.0
"NORTH OCONEE RIVER AT COLLEGE ST, AT ATHENS, GA",33.96983658,-83.37738,3.94
"OCONEE RIVER NEAR PENFIELD, GA",33.72123385,-83.2954357,123.0
"OCONEE RIVER NEAR PENFIELD, GA",33.72123385,-83.2954357,2.95
"APALACHEE RIVER AT FENCE ROAD, NEAR DACULA, GA",34.01038289,-83.894068,1.5
"APALACHEE RIVER AT FENCE ROAD, NEAR DACULA, GA",34.01038289,-83.894068,0.24
"APALACHEE RIVER NEAR BOSTWICK, GA",33.78817637,-83.4740513,52.0
"APALACHEE RIVER NEAR BOSTWICK, GA",33.78817637,-83.4740513,1.59
"LITTLE RIVER AT NEWBORN RD NEAR NEWBORN, GA",33.5563611,-83.6665278,6.5
"LITTLE RIVER AT NEWBORN RD NEAR NEWBORN, GA",33.5563611,-83.6665278,3.54
"LITTLE RIVER NEAR EATONTON, GA",33.3140213,-83.4371088,18.0
"LITTLE RIVER NEAR EATONTON, GA",33.3140213,-83.4371088,2.73
"MURDER CREEK BELOW EATONTON, GA",33.25235506,-83.4812762,12.0
"MURDER CREEK BELOW EATONTON, GA",33.25235506,-83.4812762,1.22
"OCONEE RIVER AT MILLEDGEVILLE, GA",33.0895876,-83.215432,355.0
"OCONEE RIVER AT MILLEDGEVILLE, GA",33.0895876,-83.215432,7.19
"OCONEE RIVER AT AVANT MINE, NEAR OCONEE, GA",32.93987333,-83.0668149,304.0
"OCONEE RIVER AT AVANT MINE, NEAR OCONEE, GA",32.93987333,-83.0668149,1.49
"BUFFALO CREEK AT GA 272, NEAR OCONEE, GA",32.89126617,-82.9609774,14.0
"BUFFALO CREEK AT GA 272, NEAR OCONEE, GA",32.89126617,-82.9609774,6.25
"COMMISSIONER CREEK AT US 441, AT MCINTYRE, GA",32.8498693,-83.1929324,20.0
"COMMISSIONER CREEK AT US 441, AT MCINTYRE, GA",32.8498693,-83.1929324,7.32
"OCONEE RIVER NEAR OCONEE, GA",32.78737974,-82.95708859,476.0
"OCONEE RIVER NEAR OCONEE, GA",32.78737974,-82.95708859,1.03
"BIG SANDY CREEK AT US 441, NEAR IRWINTON, GA",32.76653786,-83.1679321,9.8
"BIG SANDY CREEK AT US 441, NEAR IRWINTON, GA",32.76653786,-83.1679321,2.82
"OCONEE RIVER AT DUBLIN, GA",32.54461117,-82.894587,422.0
"OCONEE RIVER AT DUBLIN, GA",32.54461117,-82.894587,1.01
"OCONEE RIVER NEAR MOUNT VERNON, GA",32.19129079,-82.6331903,593.0
"OCONEE RIVER NEAR MOUNT VERNON, GA",32.19129079,-82.6331903,0.82
"ALTAMAHA RIVER AT US 221, NR CHARLOTTEVILLE, GA",31.9579659,-82.5170765,2760.0
"ALTAMAHA RIVER AT US 221, NR CHARLOTTEVILLE, GA",31.9579659,-82.5170765,1.68
"ALTAMAHA RIVER NEAR BAXLEY, GA",31.9390829,-82.3534601,2650.0
"ALTAMAHA RIVER NEAR BAXLEY, GA",31.9390829,-82.3534601,2.3
"OHOOPEE RIVER AT GA 297, NEAR SWAINSBORO, GA",32.44044918,-82.3820719,42.0
"OHOOPEE RIVER AT GA 297, NEAR SWAINSBORO, GA",32.44044918,-82.3820719,8.46
"OHOOPEE RIVER NEAR REIDSVILLE, GA",32.07852776,-82.1773432,75.0
"OHOOPEE RIVER NEAR REIDSVILLE, GA",32.07852776,-82.1773432,2.0
"ALTAMAHA RIVER AT DOCTORTOWN, GA",31.6546586,-81.827892,2880.0
"ALTAMAHA RIVER AT DOCTORTOWN, GA",31.6546586,-81.827892,3.63
"ALTAMAHA RIVER NEAR EVERETT CITY, GA",31.42716717,-81.6053858,-529.0
"ALTAMAHA RIVER NEAR EVERETT CITY, GA",31.42716717,-81.6053858,5.67
"BRUNSWICK RIVER AT BRUNSWICK, GA",31.12189788,-81.48287748,2.16
"BRUNSWICK RIVER AT ST. SIMONS ISLAND, GA",31.13356523,-81.3964856,1.62
"SATILLA RIVER AT GA 158, NEAR WAYCROSS, GA",31.30270937,-82.5612501,17.0
"SATILLA RIVER AT GA 158, NEAR WAYCROSS, GA",31.30270937,-82.5612501,3.02
"SATILLA RIVER NEAR WAYCROSS, GA",31.2382737,-82.3245711,99.0
"SATILLA RIVER NEAR WAYCROSS, GA",31.2382737,-82.3245711,5.41
"ALABAHA RIVER AT GA 203, NEAR BLACKSHEAR, GA",31.37549219,-82.288736,5.0
"ALABAHA RIVER AT GA 203, NEAR BLACKSHEAR, GA",31.37549219,-82.288736,2.06
"LITTLE SATILLA RIVER NEAR OFFERMAN, GA",31.45132604,-82.054561,0.01
"LITTLE SATILLA RIVER NEAR OFFERMAN, GA",31.45132604,-82.054561,1.92
"SATILLA RIVER AT ATKINSON, GA",31.22064144,-81.8656651,295.0
"SATILLA RIVER AT ATKINSON, GA",31.22064144,-81.8656651,4.09
"SATILLA RIVER AT US 17, AT WOODBINE, GA",30.97467607,-81.725662,-19800.0
"SATILLA RIVER AT US 17, AT WOODBINE, GA",30.97467607,-81.725662,1.91
"ST MARY'S RIVER AT I-95, NEAR KINGSLAND, GA",30.744124,-81.6542683,-15200.0
"ST MARY'S RIVER AT I-95, NEAR KINGSLAND, GA",30.744124,-81.6542683,1.52
"SUWANNEE RIVER ABOVE FARGO, GA",30.7075,-82.5391667,7.44
"SUWANNEE RIVER AT US 441, AT FARGO, GA",30.68055556,-82.5605556,397.0
"SUWANNEE RIVER AT US 441, AT FARGO, GA",30.68055556,-82.5605556,4.82
"ALAPAHA RIVER AT GA 125/32 NEAR IRWINVILLE, GA",31.63129589,-83.4179382,0.53
"ALAPAHA RIVER AT GA 125/32 NEAR IRWINVILLE, GA",31.63129589,-83.4179382,1.51
"ALAPAHA RIVER NEAR ALAPAHA, GA",31.3843626,-83.1923758,8.9
"ALAPAHA RIVER NEAR ALAPAHA, GA",31.3843626,-83.1923758,1.56
"ALAPAHA RIVER AT STATENVILLE, GA",30.7041006,-83.0331955,140.0
"ALAPAHA RIVER AT STATENVILLE, GA",30.7041006,-83.0331955,1.93
"WITHLACOOCHEE RIVER AT MCMILLAN RD,NEAR BEMISS, GA",30.9526998,-83.2684865,26.0
"WITHLACOOCHEE RIVER AT MCMILLAN RD,NEAR BEMISS, GA",30.9526998,-83.2684865,1.91
"WITHLACOOCHEE RIVER AT US 41 NEAR VALDOSTA, GA",30.89269959,-83.318765,4.17
"LITTLE RIVER AT UPPER TY TY ROAD, NEAR TIFTON, GA",31.48185048,-83.5840559,36.0
"LITTLE RIVER AT UPPER TY TY ROAD, NEAR TIFTON, GA",31.48185048,-83.5840559,1.2
"LITTLE RIVER NEAR ADEL, GA",31.15555556,-83.5436111,36.0
"LITTLE RIVER NEAR ADEL, GA",31.15555556,-83.5436111,2.94
"LITTLE RIVER AT GA 122, NEAR HAHIRA, GA",31.0010254,-83.45821639,104.0
"LITTLE RIVER AT GA 122, NEAR HAHIRA, GA",31.0010254,-83.45821639,4.95
"WITHLACOOCHEE RIVER AT US 84, NEAR QUITMAN, GA",30.79305556,-83.4536111,162.0
"WITHLACOOCHEE RIVER AT US 84, NEAR QUITMAN, GA",30.79305556,-83.4536111,2.57
"OKAPILCO CREEK AT GA 333, NEAR QUITMAN, GA",30.82555556,-83.5625,16.0
"OKAPILCO CREEK AT GA 333, NEAR QUITMAN, GA",30.82555556,-83.5625,4.1
"OCHLOCKONEE RIVER AT GA 188, NEAR COOLIDGE, GA",31.0022222,-83.9391667,14.0
"OCHLOCKONEE RIVER AT GA 188, NEAR COOLIDGE, GA",31.0022222,-83.9391667,2.2
"OCHLOCKONEE RIVER NEAR THOMASVILLE, GA",30.87574687,-84.0454502,59.0
"OCHLOCKONEE RIVER NEAR THOMASVILLE, GA",30.87574687,-84.0454502,2.82
"LITTLE ATTAPULGUS CREEK AT ATTAPULGUS, GA",30.73555556,-84.4969444,5.5
"LITTLE ATTAPULGUS CREEK AT ATTAPULGUS, GA",30.73555556,-84.4969444,1.24
"CHATTAHOOCHEE RIVER AT HELEN, GA",34.7008333,-83.72888889,56.0
"CHATTAHOOCHEE RIVER AT HELEN, GA",34.7008333,-83.72888889,0.57
"CHATTAHOOCHEE RIVER NEAR LEAF, GA",34.57704154,-83.6357316,180.0
"CHATTAHOOCHEE RIVER NEAR LEAF, GA",34.57704154,-83.6357316,1.71
"SOQUE RIVER AT GA 197, NEAR CLARKESVILLE, GA",34.6186111,-83.52888889,86.0
"SOQUE RIVER AT GA 197, NEAR CLARKESVILLE, GA",34.6186111,-83.52888889,3.29
"CHATTAHOOCHEE RIVER NEAR CORNELIA, GA",34.5407222,-83.622775,308.0
"CHATTAHOOCHEE RIVER NEAR CORNELIA, GA",34.5407222,-83.622775,0.72
"CHESTATEE RIVER NEAR DAHLONEGA, GA",34.52805556,-83.9397222,159.0
"CHESTATEE RIVER NEAR DAHLONEGA, GA",34.52805556,-83.9397222,1.07
"CHATTAHOOCHEE RIVER (BUFORD DAM) NR BUFORD, GA",34.16148807,-84.0760222,912.29
"CHATTAHOOCHEE RIVER AT BUFORD DAM, NEAR BUFORD, GA",34.15694444,-84.07888889,636.0
"CHATTAHOOCHEE RIVER AT BUFORD DAM, NEAR BUFORD, GA",34.15694444,-84.07888889,-0.53
"RICHLAND CREEK AT SUWANEE DAM ROAD, NEAR BUFORD,GA",34.1325997,-84.0699108,4.4
"RICHLAND CREEK AT SUWANEE DAM ROAD, NEAR BUFORD,GA",34.1325997,-84.0699108,0.4
"LEVEL CREEK AT SUWANEE DAM ROAD, NEAR SUWANEE, GA",34.096489,-84.0796336,1.1
"LEVEL CREEK AT SUWANEE DAM ROAD, NEAR SUWANEE, GA",34.096489,-84.0796336,3.37
"DICK CREEK AT OLD ATLANTA RD, NEAR SUWANEE, GA",34.07148875,-84.1301922,1.9
"DICK CREEK AT OLD ATLANTA RD, NEAR SUWANEE, GA",34.07148875,-84.1301922,0.93
CHATTAHOOCHEE R 0.76 MI US MCGINNIS FY SUWANEE GA,34.05630556,-84.1090833,707.0
CHATTAHOOCHEE R 0.76 MI US MCGINNIS FY SUWANEE GA,34.05630556,-84.1090833,1.7
"SUWANEE CREEK AT SUWANEE, GA",34.03232319,-84.08935639,12.0
"SUWANEE CREEK AT SUWANEE, GA",34.03232319,-84.08935639,0.96
"CHATTAHOOCHEE RIVER NEAR NORCROSS, GA",33.9972222,-84.2019444,810.0
"CHATTAHOOCHEE RIVER NEAR NORCROSS, GA",33.9972222,-84.2019444,1.8
"CROOKED CREEK NEAR NORCROSS, GA",33.96510067,-84.2649225,3.1
"CROOKED CREEK NEAR NORCROSS, GA",33.96510067,-84.2649225,3.66
"CHATTAHOOCHEE RIVER ABOVE ROSWELL, GA",33.98593369,-84.3160356,1210.0
"CHATTAHOOCHEE RIVER ABOVE ROSWELL, GA",33.98593369,-84.3160356,3.38
"BIG CREEK AT GA 9, NEAR CUMMING, GA",34.15593045,-84.2185305,20.0
"BIG CREEK AT GA 9, NEAR CUMMING, GA",34.15593045,-84.2185305,1.04
"BIG CREEK NEAR ALPHARETTA, GA",34.05055556,-84.2694444,35.0
"BIG CREEK NEAR ALPHARETTA, GA",34.05055556,-84.2694444,1.94
"BIG CREEK BELOW HOG WALLOW CREEK AT ROSWELL, GA",34.0175,-84.3533333,39.0
"BIG CREEK BELOW HOG WALLOW CREEK AT ROSWELL, GA",34.0175,-84.3533333,2.48
"WILLEO CREEK AT GA 120, NEAR ROSWELL, GA",34.00287797,-84.394372,2.3
"WILLEO CREEK AT GA 120, NEAR ROSWELL, GA",34.00287797,-84.394372,0.79
"CHATTAHOOCHEE RIVER BELOW MORGAN FALLS DAM, GA",33.96805556,-84.3827778,1690.0
"CHATTAHOOCHEE RIVER BELOW MORGAN FALLS DAM, GA",33.96805556,-84.3827778,812.12
"SEWELL MILL CREEK AT GA 120, NEAR MARIETTA, GA",33.9792676,-84.452152,3.8
"SEWELL MILL CREEK AT GA 120, NEAR MARIETTA, GA",33.9792676,-84.452152,1.37
"SOPE CREEK NEAR MARIETTA, GA",33.95388889,-84.4433333,16.0
"SOPE CREEK NEAR MARIETTA, GA",33.95388889,-84.4433333,1.25
"ROTTENWOOD CR AT INTERSTATE N PKWY, NR SMYRNA, GA",33.8937143,-84.4577076,9.3
"ROTTENWOOD CR AT INTERSTATE N PKWY, NR SMYRNA, GA",33.8937143,-84.4577076,2.33
"CHATTAHOOCHEE RIVER AT US 41, AT ATLANTA, GA",33.8681594,-84.4538185,5.1
"CHATTAHOOCHEE RIVER AT ATLANTA, GA",33.85916667,-84.4544444,1850.0
"CHATTAHOOCHEE RIVER AT ATLANTA, GA",33.85916667,-84.4544444,3.68
"N.F. PEACHTREE CREEK AT GRAVES RD, NR DORAVILLE,GA",33.9056578,-84.2249205,1.69
"N.F. PEACHTREE CREEK, BUFORD HWY, NEAR ATLANTA, GA",33.83149307,-84.342703,16.0
"N.F. PEACHTREE CREEK, BUFORD HWY, NEAR ATLANTA, GA",33.83149307,-84.342703,3.99
"SOUTH FORK PEACHTREE AT CASA RD, NR CLARKSTON, GA",33.81044444,-84.2479722,2.1
"SOUTH FORK PEACHTREE AT CASA RD, NR CLARKSTON, GA",33.81044444,-84.2479722,3.22
"BURNT FORK CR AT MILLWOOD WAY NEAR CLARKSTON, GA",33.82138889,-84.2747222,0.82
"BURNT FORK CR AT MILLWOOD WAY NEAR CLARKSTON, GA",33.82138889,-84.2747222,1.39
"S.F. PEACHTREE CREEK JOHNSON RD, NEAR ATLANTA, GA",33.80288264,-84.3407585,8.1
"S.F. PEACHTREE CREEK JOHNSON RD, NEAR ATLANTA, GA",33.80288264,-84.3407585,3.39
"PEACHTREE CREEK AT ATLANTA, GA",33.81944444,-84.4077778,39.0
"PEACHTREE CREEK AT ATLANTA, GA",33.81944444,-84.4077778,2.34
"WOODALL CREEK AT DEFOORS FERRY RD, AT ATLANTA, GA",33.8217716,-84.4388178,0.61
"WOODALL CREEK AT DEFOORS FERRY RD, AT ATLANTA, GA",33.8217716,-84.4388178,0.48
"NANCY CREEK AT JOHNSON FERRY RD, AT CHAMBLEE, GA",33.89788036,-84.345481,4.24
"NANCY CREEK AT RICKENBACKER DRIVE, AT ATLANTA, GA",33.86916667,-84.37888889,8.8
"NANCY CREEK AT RICKENBACKER DRIVE, AT ATLANTA, GA",33.86916667,-84.37888889,0.9
"NANCY CREEK AT WEST WESLEY ROAD, AT ATLANTA, GA",33.83843787,-84.4393734,22.0
"NANCY CREEK AT WEST WESLEY ROAD, AT ATLANTA, GA",33.83843787,-84.4393734,1.88
"CHATTAHOOCHEE RIVER AT GA 280, NEAR ATLANTA, GA",33.81694444,-84.48,2420.0
"CHATTAHOOCHEE RIVER AT GA 280, NEAR ATLANTA, GA",33.81694444,-84.48,6.48
"PROCTOR CREEK AT JACKSON PARKWAY, AT ATLANTA, GA",33.79427255,-84.4743747,3.0
"PROCTOR CREEK AT JACKSON PARKWAY, AT ATLANTA, GA",33.79427255,-84.4743747,3.14
"NICKAJACK CREEK AT US 78/278, NEAR MABLETON, GA",33.8033333,-84.52138889,15.0
"NICKAJACK CREEK AT US 78/278, NEAR MABLETON, GA",33.8033333,-84.52138889,2.01
"UTOY CREEK AT GREAT SOUTHWEST PKWY NR ATLANTA, GA",33.74344087,-84.5682657,11.0
"UTOY CREEK AT GREAT SOUTHWEST PKWY NR ATLANTA, GA",33.74344087,-84.5682657,2.84
"SWEETWATER CREEK,BROWNSVILLE RD,POWDER SPRINGS,GA",33.82732794,-84.7196579,38.0
"SWEETWATER CREEK,BROWNSVILLE RD,POWDER SPRINGS,GA",33.82732794,-84.7196579,3.53
"POWDER SPRINGS CREEK NEAR POWDER SPRINGS, GA",33.85927148,-84.6879908,4.4
"POWDER SPRINGS CREEK NEAR POWDER SPRINGS, GA",33.85927148,-84.6879908,1.44
"SWEETWATER CR 0.05 MI US RR BRIDGE AT AUSTELL, GA",33.81777778,-84.65,71.0
"SWEETWATER CR 0.05 MI US RR BRIDGE AT AUSTELL, GA",33.81777778,-84.65,5.66
"NOSES CREEK AT POWDER SPRINGS RD,POWDER SPRINGS,GA",33.85927138,-84.6527123,14.0
"NOSES CREEK AT POWDER SPRINGS RD,POWDER SPRINGS,GA",33.85927138,-84.6527123,1.82
"OLLEY CREEK AT CLAY ROAD, NEAR AUSTELL, GA",33.83621638,-84.6316006,4.7
"OLLEY CREEK AT CLAY ROAD, NEAR AUSTELL, GA",33.83621638,-84.6316006,2.05
"SWEETWATER CREEK NEAR AUSTELL, GA",33.77660678,-84.6155445,108.0
"SWEETWATER CREEK NEAR AUSTELL, GA",33.77660678,-84.6155445,1.4
"SWEETWATER CREEK BELOW AUSTELL, GA",33.7209415,-84.614933,180.0
"SWEETWATER CREEK BELOW AUSTELL, GA",33.7209415,-84.614933,1.83
"CHATTAHOOCHEE RIVER NEAR FAIRBURN, GA",33.65666667,-84.6736111,3520.0
"CHATTAHOOCHEE RIVER NEAR FAIRBURN, GA",33.65666667,-84.6736111,2.68
"DOG RIVER AT GA 5, NEAR FAIRPLAY, GA",33.65380556,-84.8210278,29.0
"DOG RIVER AT GA 5, NEAR FAIRPLAY, GA",33.65380556,-84.8210278,3.36
"SNAKE CRK DS SNAKE CRK RESERVIOR NR WHITESBURG, GA",33.5272222,-84.93638889,16.0
"SNAKE CRK DS SNAKE CRK RESERVIOR NR WHITESBURG, GA",33.5272222,-84.93638889,3.46
"SNAKE CREEK NEAR WHITESBURG, GA",33.52955639,-84.9282734,14.0
"SNAKE CREEK NEAR WHITESBURG, GA",33.52955639,-84.9282734,1.84
"CHATTAHOOCHEE RIVER NEAR WHITESBURG, GA",33.4770577,-84.9007722,1830.0
"CHATTAHOOCHEE RIVER NEAR WHITESBURG, GA",33.4770577,-84.9007722,3.55
"CHATTAHOOCHEE RIVER AT GA 100, AT FRANKLIN, GA",33.27928486,-85.0999417,1540.0
"CHATTAHOOCHEE RIVER AT GA 100, AT FRANKLIN, GA",33.27928486,-85.0999417,12.03
"HILLABAHATCHEE CREEK AT THAXTON RD, NR FRANKLIN,GA",33.3406717,-85.2268901,10.0
"HILLABAHATCHEE CREEK AT THAXTON RD, NR FRANKLIN,GA",33.3406717,-85.2268901,1.9
"NEW RIVER AT GA 100, NEAR CORINTH, GA",33.2353974,-84.9877161,28.0
"NEW RIVER AT GA 100, NEAR CORINTH, GA",33.2353974,-84.9877161,3.3
"YELLOWJACKET CREEK-HAMMETT RD, BLW HOGANSVILLE, GA",33.1395665,-84.975215,15.0
"YELLOWJACKET CREEK-HAMMETT RD, BLW HOGANSVILLE, GA",33.1395665,-84.975215,0.78
"CHATTAHOOCHEE RIVER BELOW WEST POINT DAM, GA",32.91734884,-85.1893863,559.83
"CHATTAHOOCHEE RIVER AT WEST POINT, GA",32.88623868,-85.18216359,5480.0
"CHATTAHOOCHEE RIVER AT WEST POINT, GA",32.88623868,-85.18216359,4.85
"CHATTAHOOCHEE RIVER AT 14TH ST, AT COLUMBUS, GA",32.47277778,-84.9966667,999.0
"CHATTAHOOCHEE RIVER AT 14TH ST, AT COLUMBUS, GA",32.47277778,-84.9966667,16.41
"CHATTAHOOCHEE RIVER AT US 280, NEAR COLUMBUS, GA",32.45319898,-84.9952095,1990.0
"CHATTAHOOCHEE RIVER AT US 280, NEAR COLUMBUS, GA",32.45319898,-84.9952095,4.58
"UPATOI CREEK BELOW BAKER CREEK, NEAR UPATOI, GA",32.51888889,-84.6977778,43.0
"UPATOI CREEK BELOW BAKER CREEK, NEAR UPATOI, GA",32.51888889,-84.6977778,1.13
"PINE KNOT CREEK NEAR EELBEECK, GA",32.4393099,-84.7332603,61.0
"PINE KNOT CREEK NEAR EELBEECK, GA",32.4393099,-84.7332603,1.18
"RANDALL CREEK NEAR UPATOI, GA",32.547917,-84.7752068,2.8
"RANDALL CREEK NEAR UPATOI, GA",32.547917,-84.7752068,3.17
"UPATOI CREEK NEAR COLUMBUS, GA",32.41347774,-84.8199281,93.0
"UPATOI CREEK NEAR COLUMBUS, GA",32.41347774,-84.8199281,3.67
"OCHILLEE CREEK AT OCHILLEE, GA",32.39388889,-84.8425,187.0
"OCHILLEE CREEK AT OCHILLEE, GA",32.39388889,-84.8425,1.39
"UPATOI CREEK AT GA 357, AT FORT BENNING, GA",32.37431279,-84.9579857,347.0
"UPATOI CREEK AT GA 357, AT FORT BENNING, GA",32.37431279,-84.9579857,-999999.0
"HANNAHATCHEE CREEK AT UNION ROAD, AT UNION, GA",32.15293116,-84.90576,16.0
"HANNAHATCHEE CREEK AT UNION ROAD, AT UNION, GA",32.15293116,-84.90576,1.47
"CHATTAHOOCHEE RIVER AT SPUR 39, NEAR OMAHA, GA",32.1423755,-85.0463196,1790.0
"CHATTAHOOCHEE RIVER AT SPUR 39, NEAR OMAHA, GA",32.1423755,-85.0463196,187.53
"PATAULA CREEK NEAR GEORGETOWN, GA",31.81849528,-84.9738155,99.0
"PATAULA CREEK NEAR GEORGETOWN, GA",31.81849528,-84.9738155,2.39
"CHATTAHOOCHEE R BELOW WFG DAM AB FT. GAINES, GA",31.62350085,-85.0638176,101.83
"CHATTAHOOCHEE RIVER NEAR COLUMBIA, AL",31.2593438,-85.1102076,76.35
"CHATTAHOOCHEE RIVER AT MILE 46 NEAR COLUMBIA, ALA",31.2490663,-85.1065964,435.0
"CHATTAHOOCHEE RIVER AT MILE 46 NEAR COLUMBIA, ALA",31.2490663,-85.1065964,76.15
"SAWHATCHEE CREEK AT CEDAR SPRINGS, GA",31.18083333,-85.0436111,25.0
"SAWHATCHEE CREEK AT CEDAR SPRINGS, GA",31.18083333,-85.0436111,2.68
"CAMP CREEK AT HELMER ROAD, NEAR FAYETTEVILLE, GA",33.5258333,-84.43388889,1.18
"MORNING CRK AT WESTBRIDGE RD, NR FAYETTEVILLE, GA",33.54138889,-84.4841667,4.21
"FLINT RIVER NEAR LOVEJOY, GA",33.41555556,-84.3847222,54.0
"FLINT RIVER NEAR LOVEJOY, GA",33.41555556,-84.3847222,1.99
"FLINT RIVER AT WOOLSEY ROAD, NEAR WOOLSEY, GA",33.3597222,-84.3944444,61.0
"FLINT RIVER AT WOOLSEY ROAD, NEAR WOOLSEY, GA",33.3597222,-84.3944444,39.02
"LAKE HORTON (TAILRACE) NEAR FAYETTEVILLE, GA",33.3186111,-84.4186111,746.53
"SHOAL CREEK AT SHOAL CREEK ROAD, NEAR GRIFFIN, GA",33.25694444,-84.3627778,3.9
"SHOAL CREEK AT SHOAL CREEK ROAD, NEAR GRIFFIN, GA",33.25694444,-84.3627778,0.66
"FLINT RIVER NEAR GRIFFIN, GA",33.24416667,-84.4291667,97.0
"FLINT RIVER NEAR GRIFFIN, GA",33.24416667,-84.4291667,3.02
"LINE CREEK BELOW GA 54, NEAR PEACHTREE CITY, GA",33.39555556,-84.6069444,36.0
"LINE CREEK BELOW GA 54, NEAR PEACHTREE CITY, GA",33.39555556,-84.6069444,4.09
"SHOAL CREEK AT GA54, NEAR SHARPSBURG, GA",33.38916667,-84.6247222,8.7
"SHOAL CREEK AT GA54, NEAR SHARPSBURG, GA",33.38916667,-84.6247222,2.1
"LINE CREEK BLW LAKE MCINTOSH, NR PEACHTREE CITY,GA",33.35761729,-84.5824289,36.0
"LINE CREEK BLW LAKE MCINTOSH, NR PEACHTREE CITY,GA",33.35761729,-84.5824289,2.3
"FLAT CR DS OF LAKE KEDRON, NR PEACHTREE CITY, GA",33.42166667,-84.5783333,7.1
"FLAT CR DS OF LAKE KEDRON, NR PEACHTREE CITY, GA",33.42166667,-84.5783333,2.59
"FLAT CREEK (DS OF LAKE) AT PEACHTREE CITY, GA",33.38317219,-84.5727066,2.64
"LINE CREEK NEAR SENOIA, GA",33.31916667,-84.5222222,57.0
"LINE CREEK NEAR SENOIA, GA",33.31916667,-84.5222222,2.06
"WHITEWATER CREEK AT EASTIN RD, NR FAYETTEVILLE, GA",33.4872222,-84.5083333,3.28
"WHITEWATER CR AT SHERWOOD RD, NR FAYETTEVILLE, GA",33.42138889,-84.4927778,4.6
"WHITEWATER CR (DS STARRS MILL DAM)FAYETTEVILLE, GA",33.32833333,-84.5091667,1.47
"FLINT RIVER BELOW BIG BRANCH, NEAR MOLENA, GA",33.04707117,-84.5268689,217.0
"FLINT RIVER BELOW BIG BRANCH, NEAR MOLENA, GA",33.04707117,-84.5268689,5.03
"POTATO CREEK AT COUNTY LINE RD, NR ORCHARD HILL,GA",33.1872222,-84.2294444,0.3
"POTATO CREEK AT COUNTY LINE RD, NR ORCHARD HILL,GA",33.1872222,-84.2294444,5.06
"FLINT RIVER AT US 19, NEAR CARSONVILLE, GA",32.72138889,-84.2325,375.0
"FLINT RIVER AT US 19, NEAR CARSONVILLE, GA",32.72138889,-84.2325,1.75
"FLINT RIVER AT GA 26, NEAR MONTEZUMA, GA",32.29305556,-84.0436111,1220.0
"FLINT RIVER AT GA 26, NEAR MONTEZUMA, GA",32.29305556,-84.0436111,1.51
"TURKEY CREEK AT BYROMVILLE, GA",32.19555556,-83.9022222,5.1
"TURKEY CREEK AT BYROMVILLE, GA",32.19555556,-83.9022222,4.64
"FLINT RIVER AT GA 32, NEAR OAKFIELD, GA",31.725,-84.0186111,815.0
"FLINT RIVER AT GA 32, NEAR OAKFIELD, GA",31.725,-84.0186111,2.54
"KINCHAFOONEE CREEK AT PRESTON, GA",32.0525,-84.5483333,32.0
"KINCHAFOONEE CREEK AT PRESTON, GA",32.0525,-84.5483333,1.21
"KINCHAFOONEE CREEK AT PINEWOOD ROAD, NR DAWSON, GA",31.76444444,-84.2533333,189.0
"KINCHAFOONEE CREEK AT PINEWOOD ROAD, NR DAWSON, GA",31.76444444,-84.2533333,3.58
"MUCKALEE CREEK NEAR AMERICUS, GA",32.08305556,-84.2580556,26.0
"MUCKALEE CREEK NEAR AMERICUS, GA",32.08305556,-84.2580556,1.4
"MUCKALEE CREEK AT GA 195, NEAR LEESBURG, GA",31.7761111,-84.1394444,137.0
"MUCKALEE CREEK AT GA 195, NEAR LEESBURG, GA",31.7761111,-84.1394444,4.02
"FLINT RIVER AT ALBANY, GA",31.59416667,-84.1441667,1020.0
"FLINT RIVER AT ALBANY, GA",31.59416667,-84.1441667,2.07
"FLINT RIVER AT NEWTON, GA",31.30694444,-84.33888889,3260.0
"FLINT RIVER AT NEWTON, GA",31.30694444,-84.33888889,5.75
"ICHAWAYNOCHAWAY CREEK AT GA 37, NEAR MORGAN, GA",31.52694444,-84.5827778,101.0
"ICHAWAYNOCHAWAY CREEK AT GA 37, NEAR MORGAN, GA",31.52694444,-84.5827778,6.42
"PACHITLA CREEK NEAR EDISON, GA",31.555,-84.6808333,67.0
"PACHITLA CREEK NEAR EDISON, GA",31.555,-84.6808333,2.34
"ICHAWAYNOCHAWAY CREEK AT MILFORD, GA",31.38277778,-84.54638889,235.0
"ICHAWAYNOCHAWAY CREEK AT MILFORD, GA",31.38277778,-84.54638889,0.97
"CHICKASAWHATCHEE CREEK NEAR ALBANY, GA",31.5937831,-84.45324679,30.0
"CHICKASAWHATCHEE CREEK NEAR ALBANY, GA",31.5937831,-84.45324679,2.06
"SPRING CREEK NEAR LEARY, GA",31.46555556,-84.4494444,4.6
"SPRING CREEK NEAR LEARY, GA",31.46555556,-84.4494444,1.99
"CHICKASAWHATCHEE CREEK AT ELMODEL, GA",31.35055556,-84.4825,31.0
"CHICKASAWHATCHEE CREEK AT ELMODEL, GA",31.35055556,-84.4825,0.07
"ICHAWAYNOCHAWAY CREEK NEAR ELMODEL, GA",31.29388889,-84.4919444,245.0
"ICHAWAYNOCHAWAY CREEK NEAR ELMODEL, GA",31.29388889,-84.4919444,4.0
"ICHAWAYNOCHAWAY CREEK BELOW NEWTON, GA",31.2175,-84.4708333,269.0
"ICHAWAYNOCHAWAY CREEK BELOW NEWTON, GA",31.2175,-84.4708333,2.62
"FLINT RIVER AT RIVERVIEW PLANTATION, NR HOPEFUL,GA",31.14055556,-84.4802778,2650.0
"FLINT RIVER AT RIVERVIEW PLANTATION, NR HOPEFUL,GA",31.14055556,-84.4802778,4.72
"FLINT RIVER AT BAINBRIDGE, GA",30.91157714,-84.5799144,3050.0
"FLINT RIVER AT BAINBRIDGE, GA",30.91157714,-84.5799144,18.66
"SPRING CREEK APPROX .25 MI US US27 NR COLQUITT, GA",31.1740712,-84.7449197,59.0
"SPRING CREEK APPROX .25 MI US US27 NR COLQUITT, GA",31.1740712,-84.7449197,2.64
"SPRING CREEK NEAR IRON CITY, GA",31.04027778,-84.74,91.0
"SPRING CREEK NEAR IRON CITY, GA",31.04027778,-84.74,2.58
"SPRING CREEK NEAR REYNOLDSVILLE, GA",30.90407668,-84.7490864,162.0
"SPRING CREEK NEAR REYNOLDSVILLE, GA",30.90407668,-84.7490864,76.48
"CARTECAY RIVER NEAR ELLIJAY, GA",34.68425248,-84.4585376,153.0
"CARTECAY RIVER NEAR ELLIJAY, GA",34.68425248,-84.4585376,1.7
"COOSAWATTEE RIVER NEAR ELLIJAY, GA",34.67508566,-84.5085398,267.0
"COOSAWATTEE RIVER NEAR ELLIJAY, GA",34.67508566,-84.5085398,1.75
"MOUNTAINTOWN CREEK AT GA 282, NEAR ELLIJAY, GA",34.70314028,-84.5393744,98.0
"MOUNTAINTOWN CREEK AT GA 282, NEAR ELLIJAY, GA",34.70314028,-84.5393744,3.14
"CARTERS LAKE TAILRACE NEAR CARTERS, GA",34.61416667,-84.6747222,685.87
"FAUSETT CREEK NEAR TALKING ROCK, GA",34.57036618,-84.4688155,6.7
"FAUSETT CREEK NEAR TALKING ROCK, GA",34.57036618,-84.4688155,1.16
"TALKING ROCK CREEK NEAR HINTON, GA",34.52277778,-84.6111111,45.0
"TALKING ROCK CREEK NEAR HINTON, GA",34.52277778,-84.6111111,1.19
"COOSAWATTEE RIVER AT CARTERS, GA",34.60369697,-84.6954905,460.0
"COOSAWATTEE RIVER AT CARTERS, GA",34.60369697,-84.6954905,4.46
"COOSAWATTEE RIVER NEAR PINE CHAPEL, GA",34.56416667,-84.8330556,508.0
"COOSAWATTEE RIVER NEAR PINE CHAPEL, GA",34.56416667,-84.8330556,4.4
"COOSAWATTEE RIVER AT PINE CHAPEL, GA",34.5764744,-84.8602182,1.49
"CONASAUGA RIVER AT GA 286, NEAR ETON, GA",34.82785726,-84.8507749,283.0
"CONASAUGA RIVER AT GA 286, NEAR ETON, GA",34.82785726,-84.8507749,3.8
"MILL CREEK NEAR CRANDALL, GA",34.8720238,-84.7213262,9.4
"MILL CREEK NEAR CRANDALL, GA",34.8720238,-84.7213262,1.63
"COAHULLA CREEK AT KEITHS MILL ROAD, NEAR DALTON,GA",34.74341435,-84.8804975,125.0
"COAHULLA CREEK AT KEITHS MILL ROAD, NEAR DALTON,GA",34.74341435,-84.8804975,8.11
"MILL CREEK AT DALTON, GA",34.78841288,-84.9749453,20.0
"MILL CREEK AT DALTON, GA",34.78841288,-84.9749453,4.39
"HOLLY CREEK NEAR CHATSWORTH, GA",34.71666667,-84.77,27.0
"HOLLY CREEK NEAR CHATSWORTH, GA",34.71666667,-84.77,0.95
"CONASAUGA RIVER AT TILTON, GA",34.6667494,-84.9282765,328.0
"CONASAUGA RIVER AT TILTON, GA",34.6667494,-84.9282765,3.06
"CONASAUGA RIVER AT SLOAN BRIDGE, BELOW DALTON, GA",34.62925047,-84.9171648,0.61
"OOSTANAULA RIVER AT RESACA, GA",34.5771111,-84.9418528,819.0
"OOSTANAULA RIVER AT RESACA, GA",34.5771111,-84.9418528,2.73
"OOSTANAULA RIVER AT CALHOUN, GA",34.51888889,-84.9544444,3.58
"OOTHKALOOGA CREEK AT GA 53 SPUR, AT CALHOUN, GA",34.49564266,-84.9652214,27.0
"OOTHKALOOGA CREEK AT GA 53 SPUR, AT CALHOUN, GA",34.49564266,-84.9652214,7.11
"HEATH CREEK NEAR ARMUCHEE, GA",34.37166667,-85.26388889,4.0
"HEATH CREEK NEAR ARMUCHEE, GA",34.37166667,-85.26388889,1.32
"ARMUCHEE CREEK AT OLD DALTON ROAD, NEAR ROME, GA",34.36092389,-85.1402274,48.0
"ARMUCHEE CREEK AT OLD DALTON ROAD, NEAR ROME, GA",34.36092389,-85.1402274,3.89
"OOSTANAULA RIVER NEAR ROME, GA",34.29842576,-85.138005,1200.0
"OOSTANAULA RIVER NEAR ROME, GA",34.29842576,-85.138005,5.44
"OOSTANAULA RIVER AT US 27, AT ROME, GA",34.26064905,-85.17078389,3.82
"ETOWAH RIVER NEAR DAHLONEGA, GA",34.51555556,-84.0602778,260.0
"ETOWAH RIVER NEAR DAHLONEGA, GA",34.51555556,-84.0602778,3.63
"ETOWAH RIVER AT GA 136, NEAR LANDDRUM, GA",34.40898469,-84.0196318,135.0
"ETOWAH RIVER AT GA 136, NEAR LANDDRUM, GA",34.40898469,-84.0196318,2.06
"ETOWAH RIVER AT GA 9, NEAR DAWSONVILLE, GA",34.35805556,-84.1133333,169.0
"ETOWAH RIVER AT GA 9, NEAR DAWSONVILLE, GA",34.35805556,-84.1133333,4.04
"AMICALOLA CREEK NEAR DAWSONVILLE, GA.",34.42564847,-84.2118618,112.0
"AMICALOLA CREEK NEAR DAWSONVILLE, GA.",34.42564847,-84.2118618,0.67
"ETOWAH RIVER AT KELLY BRIDGE ROAD, NEAR MATT, GA",34.35231626,-84.2063065,310.0
"ETOWAH RIVER AT KELLY BRIDGE ROAD, NEAR MATT, GA",34.35231626,-84.2063065,1.48
"SETTINGDOWN CREEK NEAR BALL GROUND, GA",34.2931497,-84.2635319,26.0
"SETTINGDOWN CREEK NEAR BALL GROUND, GA",34.2931497,-84.2635319,1.2
"LONG SWAMP CREEK AT REAVIS MTN RD, NR NELSON, GA",34.37481507,-84.3474229,39.0
"LONG SWAMP CREEK AT REAVIS MTN RD, NR NELSON, GA",34.37481507,-84.3474229,3.26
"SHARP MTN CREEK AT OLD GA 5, BELOW BALL GROUND, GA",34.3106494,-84.4032587,43.0
"SHARP MTN CREEK AT OLD GA 5, BELOW BALL GROUND, GA",34.3106494,-84.4032587,3.12
"HICKORY LOG CREEK NEAR CANTON, GA",34.265,-84.47388889,4.7
"HICKORY LOG CREEK NEAR CANTON, GA",34.265,-84.47388889,0.85
"ETOWAH RIVER DOWNSTREAM OF I-575, AT CANTON, GA",34.25,-84.4666667,508.0
"ETOWAH RIVER DOWNSTREAM OF I-575, AT CANTON, GA",34.25,-84.4666667,2.85
"ETOWAH RIVER AT CANTON, GA",34.23992866,-84.4946733,537.0
"ETOWAH RIVER AT CANTON, GA",34.23992866,-84.4946733,2.02
"SHOAL CREEK AT GA 108, NEAR WALESKA, GA",34.2634282,-84.5954872,16.0
"SHOAL CREEK AT GA 108, NEAR WALESKA, GA",34.2634282,-84.5954872,2.21
"LITTLE RIVER AT GA 5, NEAR WOODSTOCK, GA",34.1223201,-84.50437489,53.0
"LITTLE RIVER AT GA 5, NEAR WOODSTOCK, GA",34.1223201,-84.50437489,0.87
"NOONDAY CREEK AT HAWKINS STORE RD, NR WOODSTOCK,GA",34.05638889,-84.5355556,23.0
"NOONDAY CREEK AT HAWKINS STORE RD, NR WOODSTOCK,GA",34.05638889,-84.5355556,1.01
"NOONDAY CREEK AT SHALLOWFORD ROAD, NR WOODSTOCK,GA",34.0683333,-84.5355556,25.0
"NOONDAY CREEK AT SHALLOWFORD ROAD, NR WOODSTOCK,GA",34.0683333,-84.5355556,1.8
"BUTLER CREEK AT MACK DOBBS ROAD, NR KENNESAW, GA",34.01694444,-84.6433333,1.8
"BUTLER CREEK AT MACK DOBBS ROAD, NR KENNESAW, GA",34.01694444,-84.6433333,2.33
"ALLATOONA CREEK AT STILESBORO RD, NEAR ACWORTH, GA",33.99527778,-84.6930556,3.4
"ALLATOONA CREEK AT STILESBORO RD, NEAR ACWORTH, GA",33.99527778,-84.6930556,4.97
"ETOWAH RIVER ALLATOONA DAM TW, ABV CARTERSVILLE,GA",34.16398627,-84.7279915,690.41
"ETOWAH RIVER AT ALLATOONA DAM, ABV CARTERSVILLE,GA",34.16315298,-84.7410474,674.0
"ETOWAH RIVER AT ALLATOONA DAM, ABV CARTERSVILLE,GA",34.16315298,-84.7410474,1.38
"ETOWAH RIVER AT GA 61, NEAR CARTERSVILLE, GA",34.1428753,-84.8388286,830.0
"ETOWAH RIVER AT GA 61, NEAR CARTERSVILLE, GA",34.1428753,-84.8388286,5.68
"EUHARLEE CREEK AT US 278, AT ROCKMART, GA",33.99871169,-85.0524468,27.0
"EUHARLEE CREEK AT US 278, AT ROCKMART, GA",33.99871169,-85.0524468,2.1
"ETOWAH RIVER NEAR KINGSTON,GA",34.20903968,-84.9786749,1080.0
"ETOWAH RIVER NEAR KINGSTON,GA",34.20903968,-84.9786749,4.21
"TWO RUN CREEK NEAR KINGSTON, GA",34.24277778,-84.8897222,12.0
"TWO RUN CREEK NEAR KINGSTON, GA",34.24277778,-84.8897222,1.14
"ETOWAH RIVER AT GA 1 LOOP, NEAR ROME, GA",34.2323166,-85.1168932,1010.0
"ETOWAH RIVER AT GA 1 LOOP, NEAR ROME, GA",34.2323166,-85.1168932,13.39
"ETOWAH RIVER AT COOSA VALLEY F.G., AT ROME, GA",34.25648254,-85.1505054,5.27
"COOSA RIVER (MAYO'S BAR) NEAR ROME, GA",34.20037286,-85.2566196,2460.0
"COOSA RIVER (MAYO'S BAR) NEAR ROME, GA",34.20037286,-85.2566196,11.67
"CEDAR CREEK AT GA AVE, AT CEDARTOWN, GA",33.99593419,-85.264674,13.0
"CEDAR CREEK AT GA AVE, AT CEDARTOWN, GA",33.99593419,-85.264674,2.44
"CEDAR CREEK NEAR CEDARTOWN, GA",34.06145999,-85.313023,40.0
"CEDAR CREEK NEAR CEDARTOWN, GA",34.06145999,-85.313023,0.67
"CHATTOOGA RIVER AT SUMMERVILLE, GA",34.46638889,-85.3361111,84.0
"CHATTOOGA RIVER AT SUMMERVILLE, GA",34.46638889,-85.3361111,2.16
"TALLAPOOSA RIVER BELOW TALLAPOOSA, GEORGIA",33.74093858,-85.336342,114.0
"TALLAPOOSA RIVER BELOW TALLAPOOSA, GEORGIA",33.74093858,-85.336342,1.6
"LITTLE TALLAPOOSA RIVER AT US 27, AT CARROLLTON,GA",33.59733215,-85.0802227,70.0
"LITTLE TALLAPOOSA RIVER AT US 27, AT CARROLLTON,GA",33.59733215,-85.0802227,2.63
"LITTLE TALLAPOOSA R AT GA 100, NEAR BOWDON, GA",33.4928895,-85.2791153,96.0
"LITTLE TALLAPOOSA R AT GA 100, NEAR BOWDON, GA",33.4928895,-85.2791153,3.08
"HIWASSEE RIVER AT RIVERSIDE DR, NR HIAWASSEE, GA",34.88398179,-83.7215618,60.0
"HIWASSEE RIVER AT RIVERSIDE DR, NR HIAWASSEE, GA",34.88398179,-83.7215618,2.94
"NOTTELY RIVER NEAR BLAIRSVILLE, GA",34.8412001,-83.93601899,70.0
"NOTTELY RIVER NEAR BLAIRSVILLE, GA",34.8412001,-83.93601899,1.76
"WEST CHICKAMAUGA CR AT GA 146, NEAR LAKEVIEW, GA",34.95729786,-85.2055095,35.0
"WEST CHICKAMAUGA CR AT GA 146, NEAR LAKEVIEW, GA",34.95729786,-85.2055095,0.98
"LOOKOUT CREEK NEAR NEW ENGLAND, GA",34.8975,-85.4630556,39.0
"LOOKOUT CREEK NEAR NEW ENGLAND, GA",34.8975,-85.4630556,3.6
